ID,Title,URL,Created,Reads,Comments,Feeds
51448,分割回文串,https://learnku.com/articles/51448,2020-11-11 10:49:50,9,0,0
51329,根据数字二进制下 1 的数目排序,https://learnku.com/articles/51329,2020-11-06 12:42:34,3,0,0
50833,找质数,https://learnku.com/articles/50833,2020-10-20 20:05:23,28,0,0
50728,哈希查询 两数之和,https://learnku.com/articles/50728,2020-10-16 12:12:11,27,0,0
50704,逆波兰表达式求值  python vs golang,https://learnku.com/articles/50704,2020-10-15 19:47:27,8,0,0
50687,直方图中最大矩形,https://learnku.com/articles/50687,2020-10-15 13:42:19,16,0,0
50656,收集雨水,https://learnku.com/articles/50656,2020-10-14 16:41:37,32,0,0
50577,最长不含重复字符的子字符串,https://learnku.com/articles/50577,2020-10-12 19:57:50,17,0,0
50303,自上而下打印二叉树,https://learnku.com/articles/50303,2020-10-01 18:48:44,17,0,1
50239,来自域外的视角,https://learnku.com/articles/50239,2020-09-29 17:20:52,87,0,0
46430,大话 语法糖,https://learnku.com/articles/46430,2020-09-19 13:12:13,19,0,0
49608,反直觉正循环删除,https://learnku.com/articles/49608,2020-09-14 21:09:46,39,0,0
49469,有效的括号,https://learnku.com/articles/49469,2020-09-10 14:49:26,9,0,1
48952,回溯剪枝去重 中文全排列,https://learnku.com/articles/48952,2020-09-01 08:47:09,7,0,0
48820,重复的子字符串,https://learnku.com/articles/48820,2020-08-24 17:26:45,9,0,0
48029,一道递归数组面试题,https://learnku.com/articles/48029,2020-08-02 19:35:03,5,0,0
47990,两个链表的第一个公共结点,https://learnku.com/articles/47990,2020-08-01 08:59:56,0,0,0
47934,剪绳子,https://learnku.com/articles/47934,2020-07-31 09:08:22,1,0,0
47777,php 之读取键盘输入,https://learnku.com/articles/47777,2020-07-27 17:08:40,44,0,0
47649,特定深度节点链表,https://learnku.com/articles/47649,2020-07-24 11:28:34,10,0,0
47505,无重复字符串的排列组合,https://learnku.com/articles/47505,2020-07-22 09:55:40,15,0,0
46990,自定义指令在 el-input 节点上无效解决方案,https://learnku.com/articles/46990,2020-07-09 13:20:01,8,0,0
46827,字符串数组转为树形结构,https://learnku.com/articles/46827,2020-07-05 21:10:46,28,0,2
46591,Rxjs,https://learnku.com/articles/46591,2020-07-04 11:23:12,20,0,0
45393,TS 接口,https://learnku.com/articles/45393,2020-06-02 21:53:29,28,0,1
45155,Thymeleaf,https://learnku.com/articles/45155,2020-05-29 14:40:06,8,0,0
44643,vscode 快速引入第三方 jar 包 发 QQ 邮件,https://learnku.com/articles/44643,2020-05-18 20:09:48,14,0,0
44657,类型 VS 泛型,https://learnku.com/articles/44657,2020-05-18 09:32:34,25,0,0
44487,Golang 并发编程,https://learnku.com/articles/44487,2020-05-13 23:03:20,99,1,1
44172,java 面试指南,https://learnku.com/articles/44172,2020-05-07 10:18:31,31,0,0
44043,Web 面试问答,https://learnku.com/articles/44043,2020-05-03 10:50:31,21,0,0
43939,提取生日,https://learnku.com/articles/43939,2020-04-30 09:06:35,36,1,0
43931,获取最小二段数,https://learnku.com/articles/43931,2020-04-29 21:51:45,9,1,0
43761,求完全数个数,https://learnku.com/articles/43761,2020-04-26 20:00:02,22,1,0
43737,机试,https://learnku.com/articles/43737,2020-04-26 10:51:26,21,0,1
43658,字符金字塔,https://learnku.com/articles/43658,2020-04-24 13:19:12,31,1,2
51448,分割回文串,https://learnku.com/articles/51448,2020-11-11 10:49:50,9,0,0
51329,根据数字二进制下 1 的数目排序,https://learnku.com/articles/51329,2020-11-06 12:42:34,3,0,0
50833,找质数,https://learnku.com/articles/50833,2020-10-20 20:05:23,28,0,0
50728,哈希查询 两数之和,https://learnku.com/articles/50728,2020-10-16 12:12:11,27,0,0
50704,逆波兰表达式求值  python vs golang,https://learnku.com/articles/50704,2020-10-15 19:47:27,8,0,0
50687,直方图中最大矩形,https://learnku.com/articles/50687,2020-10-15 13:42:19,16,0,0
50656,收集雨水,https://learnku.com/articles/50656,2020-10-14 16:41:37,32,0,0
50577,最长不含重复字符的子字符串,https://learnku.com/articles/50577,2020-10-12 19:57:50,17,0,0
50303,自上而下打印二叉树,https://learnku.com/articles/50303,2020-10-01 18:48:44,17,0,1
50239,来自域外的视角,https://learnku.com/articles/50239,2020-09-29 17:20:52,87,0,0
46430,大话 语法糖,https://learnku.com/articles/46430,2020-09-19 13:12:13,19,0,0
49608,反直觉正循环删除,https://learnku.com/articles/49608,2020-09-14 21:09:46,39,0,0
49469,有效的括号,https://learnku.com/articles/49469,2020-09-10 14:49:26,9,0,1
48952,回溯剪枝去重 中文全排列,https://learnku.com/articles/48952,2020-09-01 08:47:09,7,0,0
48820,重复的子字符串,https://learnku.com/articles/48820,2020-08-24 17:26:45,9,0,0
48029,一道递归数组面试题,https://learnku.com/articles/48029,2020-08-02 19:35:03,5,0,0
47990,两个链表的第一个公共结点,https://learnku.com/articles/47990,2020-08-01 08:59:56,0,0,0
47934,剪绳子,https://learnku.com/articles/47934,2020-07-31 09:08:22,1,0,0
43613,用 Stream 合并多个视频文件,https://learnku.com/articles/43613,2020-04-23 17:44:49,28,0,0
43612,异步下载可切换画质 m3u8 视频,https://learnku.com/articles/43612,2020-04-23 17:20:51,37,0,1
43481,JS 精度差异 0.1+0.2 ！= 0.3,https://learnku.com/articles/43481,2020-04-21 09:45:13,71,1,0
43478,面试 字符串补全,https://learnku.com/articles/43478,2020-04-21 08:20:44,24,0,0
43470,JS 创建实例对象的四种模式,https://learnku.com/articles/43470,2020-04-20 19:36:18,8,0,0
41417,一道与 for 相关的字符串面试题,https://learnku.com/articles/41417,2020-03-05 23:34:19,57,0,2
39091,好大一棵树,https://learnku.com/articles/39091,2020-02-18 12:09:23,80,0,0
39088,与数据库打交道,https://learnku.com/articles/39088,2020-01-02 17:30:42,293,0,1
39048,一行式,https://learnku.com/articles/39048,2020-01-01 16:25:44,259,2,1
38949,Stream 流模块,https://learnku.com/articles/38949,2019-12-31 15:47:42,215,0,0
38876,async/await,https://learnku.com/articles/38876,2019-12-29 11:51:42,280,0,0
37401,牛说,https://learnku.com/articles/37401,2019-12-28 20:41:29,311,0,0
38668,用 Tk 写个密码器,https://learnku.com/articles/38668,2019-12-25 15:12:56,365,0,2
37816,大话 数据入门,https://learnku.com/articles/37816,2019-12-23 23:46:24,291,0,0
38437,koa 图片上传详解,https://learnku.com/articles/38437,2019-12-21 10:45:13,332,0,0
38407,colly 自动抓取资讯,https://learnku.com/articles/38407,2019-12-20 16:13:55,562,5,9
37991,ferret 爬取动态网页,https://learnku.com/articles/37991,2019-12-15 10:43:03,449,0,3
37803,匿名类 与 索引重建,https://learnku.com/articles/37803,2019-12-09 19:35:09,376,1,0
37476,大话并发,https://learnku.com/articles/37476,2019-12-08 21:17:55,756,0,4
37738,三元运算符,https://learnku.com/articles/37738,2019-12-08 09:44:36,670,0,0
37719,笔试之 模板变量替换,https://learnku.com/articles/37719,2019-12-07 18:30:42,1031,0,0
37707,笔试之 连续数增维,https://learnku.com/articles/37707,2019-12-07 13:50:17,1055,0,0
37616,笔试之 一行代码求重,https://learnku.com/articles/37616,2019-12-05 12:10:24,940,0,0
37596,xlsxwriter 操作 Excel,https://learnku.com/articles/37596,2019-12-04 20:33:47,996,1,0
37570,pptx 批量操作幻灯片,https://learnku.com/articles/37570,2019-12-04 13:02:48,1394,0,2
37456,defer vs return,https://learnku.com/articles/37456,2019-12-02 13:27:21,789,0,1
37409,大话 goroutine,https://learnku.com/articles/37409,2019-11-30 23:30:01,850,0,1
37172,用 golang 原生 sql 对 MySQL 进行 curd,https://learnku.com/articles/37172,2019-11-26 12:49:38,838,0,3
37169,Go 中使用 memcache 存储对象,https://learnku.com/articles/37169,2019-11-26 11:13:12,197,0,0
35694,使用 Vue.js 和 Iris 共建一个简单的 Todo MVC 应用,https://learnku.com/articles/35694,2019-11-24 09:14:42,477,0,1
36792,Gin Restful APIs,https://learnku.com/articles/36792,2019-11-19 17:57:49,323,0,0
36679,Gorm 关联模型,https://learnku.com/articles/36679,2019-11-17 10:17:44,496,1,0
36643,类型 列表生成 参数解包,https://learnku.com/articles/36643,2019-11-16 11:05:33,416,0,1
36559,"使用 Mux, Go, PostgreSQL, GORM 构建 API",https://learnku.com/articles/36559,2019-11-15 21:37:52,596,0,3
36482,Gorm 数据库迁,https://learnku.com/articles/36482,2019-11-15 12:07:56,386,1,1
36344,jedi+VIM+ oh-my-zsh 打造酷炫 python 开发,https://learnku.com/articles/36344,2019-11-13 16:24:35,295,0,0
36230,Gin 模型绑定验证,https://learnku.com/articles/36230,2019-11-10 20:05:15,517,3,1
35909,多种方式读取 MySQL 数据库配置,https://learnku.com/articles/35909,2019-11-02 21:30:11,257,0,0
35857,使用 session 访问计数,https://learnku.com/articles/35857,2019-10-31 20:30:27,261,0,1
35828,大话 Iris,https://learnku.com/articles/35828,2019-10-31 16:15:16,233,0,0
35760,[实战] 使用 MongoDB Go 驱动与 Iris 构建 RESTful API,https://learnku.com/articles/35760,2019-10-30 10:27:36,461,1,2
35690,[实战] 拖拽传图 Iris + DropzoneJS,https://learnku.com/articles/35690,2019-10-28 18:46:37,215,0,0
35602,Go 编译和工具链,https://learnku.com/articles/35602,2019-10-26 12:28:53,277,0,0
35601,Go 笔记之并发,https://learnku.com/articles/35601,2019-10-26 12:20:31,476,1,2
35598,Go 笔记之面向对象,https://learnku.com/articles/35598,2019-10-26 12:07:35,227,0,0
35596,Go 笔记之程序结构,https://learnku.com/articles/35596,2019-10-26 11:50:15,231,0,0
35594,Go 笔记之数据类型,https://learnku.com/articles/35594,2019-10-26 11:31:37,166,0,0
35218,大话通道,https://learnku.com/articles/35218,2019-10-16 20:47:28,324,0,1
35130,优雅地等待子协程执行完毕,https://learnku.com/articles/35130,2019-10-14 20:54:30,640,0,2
35098,缓存递归计算,https://learnku.com/articles/35098,2019-10-14 12:30:35,214,1,0
35057,大话状态协程,https://learnku.com/articles/35057,2019-10-13 12:30:48,305,0,1
35045,谈谈协程切换,https://learnku.com/articles/35045,2019-10-12 21:00:35,436,0,0
34788,无缓冲阻塞 chan 杂谈,https://learnku.com/articles/34788,2019-10-08 10:58:32,426,0,2
34660,大话 python 之 dusk,https://learnku.com/articles/34660,2019-10-01 13:10:41,320,0,0
34515,大话 swoole 异步编程,https://learnku.com/articles/34515,2019-09-26 18:30:44,795,1,2
34288,PHP 反射之动态代理,https://learnku.com/articles/34288,2019-09-22 11:35:00,488,1,1
34287,DOM 常用 API 解析,https://learnku.com/articles/34287,2019-09-22 11:00:42,308,0,0
32801,Symfony 路由配置简述,https://learnku.com/articles/32801,2019-08-19 00:10:00,737,0,0
32689,spring 核心概述,https://learnku.com/articles/32689,2019-08-16 11:46:25,662,0,0
32522,@Component 详解,https://learnku.com/articles/32522,2019-08-13 12:40:32,1150,0,3
32417,array_reduce 多值化一,https://learnku.com/articles/32417,2019-08-11 11:56:35,529,0,1
32201,shadow DOM 浅析,https://learnku.com/articles/32201,2019-08-07 11:03:53,361,0,0
32125,react 之 Hook 简述,https://learnku.com/articles/32125,2019-08-06 10:52:30,726,0,0
32084,事件系统与服务容器,https://learnku.com/articles/32084,2019-08-05 11:55:58,381,0,0
32073,React Step by Step,https://learnku.com/articles/32073,2019-08-05 09:36:12,546,0,0
32063,MappedTable,https://learnku.com/articles/32063,2019-08-05 09:15:30,1025,0,0
31575,Yii2 缓存机制,https://learnku.com/articles/31575,2019-07-24 10:31:44,901,1,0
31473,Yii2 关键概念,https://learnku.com/articles/31473,2019-07-21 18:04:42,601,0,1
31435,Yii2 结构指引,https://learnku.com/articles/31435,2019-07-20 10:29:30,733,0,0
31397,Yii2 应用概览,https://learnku.com/articles/31397,2019-07-19 12:03:17,448,0,0
31189,扩展：使用 Vue.js 和 Express 共建一个简单的 CRUD 应用,https://learnku.com/articles/31189,2019-07-15 10:42:33,855,0,0
31138,[part 4] 第一个 Django 应用,https://learnku.com/articles/31138,2019-07-13 12:46:07,432,0,0
31126,[part 3] 第一个 Django 应用,https://learnku.com/articles/31126,2019-07-12 23:29:12,595,0,2
31112,[part 2] 第一个 Django 应用,https://learnku.com/articles/31112,2019-07-12 18:17:12,622,0,1
31090,[part 1] 第一个 Django 应用,https://learnku.com/articles/31090,2019-07-12 11:34:30,1146,0,3
31075,BeautifulSoup + requests 爬虫,https://learnku.com/articles/31075,2019-07-11 20:58:21,742,0,0
30898,注册登录要点击两次终极解决方案,https://learnku.com/articles/30898,2019-07-08 14:01:02,2479,0,14
30698,全局组件实现递归树，避免循环引用,https://learnku.com/articles/30698,2019-07-03 10:57:11,695,0,0
30604,教程: TodoMVC 与 director 路由,https://learnku.com/articles/30604,2019-07-01 12:42:01,694,0,0
30579,flaskr 进阶笔记,https://learnku.com/articles/30579,2019-06-30 19:01:04,981,0,0
30542,教程 Redis+ flask+vue 在线聊天,https://learnku.com/articles/30542,2019-06-29 12:19:45,3234,1,2
